"TargetID","Interval","Regions","Size","Databases","Coverage","HighCoverage","LowCoverage","chr","start","end","type"
"cg00031896","chr12:121582291-121582310",1,20,"CustomRegion",100,1,0,"chr12",121582290,121582310,"blood"
"cg00058449","chr6:31900170-31900189",1,20,"CustomRegion",100,1,0,"chr6",31900169,31900189,"blood"
"cg00091349","chr3:151330609-151330628",1,20,"CustomRegion",100,1,0,"chr3",151330608,151330628,"blood"
"cg00103299","chr15:92819008-92819027",1,20,"CustomRegion",100,1,0,"chr15",92819007,92819027,"blood"
"cg00149213","chr1:160647325-160647344",1,20,"CustomRegion",100,1,0,"chr1",160647324,160647344,"blood"
"cg00159243","chr12:108630014-108630033",1,20,"CustomRegion",100,1,0,"chr12",108630013,108630033,"blood"
"cg00186529","chr6:170137631-170137650",1,20,"CustomRegion",100,1,0,"chr6",170137630,170137650,"blood"
"cg00219921","chr2:86785678-86785697",1,20,"CustomRegion",100,1,0,"chr2",86785677,86785697,"blood"
"cg00287915","chr5:1503471-1503490",1,20,"CustomRegion",100,1,0,"chr5",1503470,1503490,"blood"
"cg00324097","chr17:77450458-77450477",1,20,"CustomRegion",100,1,0,"chr17",77450457,77450477,"blood"
"cg00363312","chr7:139648541-139648560",1,20,"CustomRegion",100,1,0,"chr7",139648540,139648560,"blood"
"cg00366435","chr12:6786930-6786949",1,20,"CustomRegion",100,1,0,"chr12",6786929,6786949,"blood"
"cg00439981","chr6:170375202-170375221",1,20,"CustomRegion",100,1,0,"chr6",170375201,170375221,"blood"
"cg00440980","chr17:76643803-76643822",1,20,"CustomRegion",100,1,0,"chr17",76643802,76643822,"blood"
"cg00445959","chr16:28208938-28208957",1,20,"CustomRegion",100,1,0,"chr16",28208937,28208957,"blood"
"cg00458681","chr22:19022897-19022916",1,20,"CustomRegion",100,1,0,"chr22",19022896,19022916,"blood"
"cg00619207","chr1:111200737-111200756",1,20,"CustomRegion",100,1,0,"chr1",111200736,111200756,"blood"
"cg00629585","chr9:132978596-132978615",1,20,"CustomRegion",100,1,0,"chr9",132978595,132978615,"blood"
"cg00660167","chr17:82243089-82243108",1,20,"CustomRegion",100,1,0,"chr17",82243088,82243108,"blood"
"cg00661777","chr7:106871287-106871306",1,20,"CustomRegion",100,1,0,"chr7",106871286,106871306,"blood"
"cg00701951","chr10:122468953-122468972",1,20,"CustomRegion",100,1,0,"chr10",122468952,122468972,"blood"
"cg00702872","chr6:3524337-3524356",1,20,"CustomRegion",100,1,0,"chr6",3524336,3524356,"blood"
"cg00705730","chr2:105821655-105821674",1,20,"CustomRegion",100,1,0,"chr2",105821654,105821674,"blood"
"cg00719568","chr1:112697014-112697033",1,20,"CustomRegion",100,1,0,"chr1",112697013,112697033,"blood"
"cg00760938","chr2:216492427-216492446",1,20,"CustomRegion",100,1,0,"chr2",216492426,216492446,"blood"
"cg00782811","chr6:46325988-46326007",1,20,"CustomRegion",100,1,0,"chr6",46325987,46326007,"blood"
"cg00795812","chr2:241859848-241859867",1,20,"CustomRegion",100,1,0,"chr2",241859847,241859867,"blood"
"cg00851088","chr5:134070850-134070869",1,20,"CustomRegion",100,1,0,"chr5",134070849,134070869,"blood"
"cg00867406","chr16:89931472-89931491",1,20,"CustomRegion",100,1,0,"chr16",89931471,89931491,"blood"
"cg00984060","chr22:39685506-39685525",1,20,"CustomRegion",100,1,0,"chr22",39685505,39685525,"blood"
"cg01002223","chr1:8926966-8926985",1,20,"CustomRegion",100,1,0,"chr1",8926965,8926985,"blood"
"cg01024458","chr1:8643748-8643767",1,20,"CustomRegion",100,1,0,"chr1",8643747,8643767,"blood"
"cg01040649","chr3:187020523-187020542",1,20,"CustomRegion",100,1,0,"chr3",187020522,187020542,"blood"
"cg01054402","chr2:85324718-85324737",1,20,"CustomRegion",100,1,0,"chr2",85324717,85324737,"blood"
"cg01110616","chr11:32033678-32033697",1,20,"CustomRegion",100,1,0,"chr11",32033677,32033697,"blood"
"cg01154505","chr2:112182823-112182842",1,20,"CustomRegion",100,1,0,"chr2",112182822,112182842,"blood"
"cg01156249","chr16:4664784-4664803",1,20,"CustomRegion",100,1,0,"chr16",4664783,4664803,"blood"
"cg01243072","chr2:43171023-43171042",1,20,"CustomRegion",100,1,0,"chr2",43171022,43171042,"blood"
"cg01447281","chr1:8422620-8422639",1,20,"CustomRegion",100,1,0,"chr1",8422619,8422639,"blood"
"cg01525879","chr11:67440018-67440037",1,20,"CustomRegion",100,1,0,"chr11",67440017,67440037,"blood"
"cg01582066","chr22:31661070-31661089",1,20,"CustomRegion",100,1,0,"chr22",31661069,31661089,"blood"
"cg01692842","chr11:134256461-134256480",1,20,"CustomRegion",100,1,0,"chr11",134256460,134256480,"blood"
"cg01710351","chr1:160647293-160647312",1,20,"CustomRegion",100,1,0,"chr1",160647292,160647312,"blood"
"cg01740766","chr6:44561212-44561231",1,20,"CustomRegion",100,1,0,"chr6",44561211,44561231,"blood"
"cg01881899","chr21:42232585-42232604",1,20,"CustomRegion",100,1,0,"chr21",42232584,42232604,"blood"
"cg01896761","chr3:13548935-13548954",1,20,"CustomRegion",100,1,0,"chr3",13548934,13548954,"blood"
"cg01940139","chr12:10308031-10308050",1,20,"CustomRegion",100,1,0,"chr12",10308030,10308050,"blood"
"cg01949403","chr22:36166345-36166364",1,20,"CustomRegion",100,1,0,"chr22",36166344,36166364,"blood"
"cg01987702","chr2:74037571-74037590",1,20,"CustomRegion",100,1,0,"chr2",74037570,74037590,"blood"
"cg02007288","chr8:30656182-30656201",1,20,"CustomRegion",100,1,0,"chr8",30656181,30656201,"blood"
"cg02021288","chr16:11342001-11342020",1,20,"CustomRegion",100,1,0,"chr16",11342000,11342020,"blood"
"cg02150910","chr14:24610142-24610161",1,20,"CustomRegion",100,1,0,"chr14",24610141,24610161,"blood"
"cg02212339","chr17:3590363-3590382",1,20,"CustomRegion",100,1,0,"chr17",3590362,3590382,"blood"
"cg02212836","chr6:6588833-6588852",1,20,"CustomRegion",100,1,0,"chr6",6588832,6588852,"blood"
"cg02244028","chr3:38950700-38950719",1,20,"CustomRegion",100,1,0,"chr3",38950699,38950719,"blood"
"cg02256631","chr16:31331622-31331641",1,20,"CustomRegion",100,1,0,"chr16",31331621,31331641,"blood"
"cg02291020","chr10:80203643-80203662",1,20,"CustomRegion",100,1,0,"chr10",80203642,80203662,"blood"
"cg02321062","chr3:107525890-107525909",1,20,"CustomRegion",100,1,0,"chr3",107525889,107525909,"blood"
"cg02331830","chr8:143934111-143934130",1,20,"CustomRegion",100,1,0,"chr8",143934110,143934130,"blood"
"cg02384859","chr15:74570312-74570331",1,20,"CustomRegion",100,1,0,"chr15",74570311,74570331,"blood"
"cg02402946","chr13:20460931-20460950",1,20,"CustomRegion",100,1,0,"chr13",20460930,20460950,"blood"
"cg02499214","chr12:121792575-121792594",1,20,"CustomRegion",100,1,0,"chr12",121792574,121792594,"blood"
"cg02578087","chr3:8629666-8629685",1,20,"CustomRegion",100,1,0,"chr3",8629665,8629685,"blood"
"cg02598071","chr2:190407240-190407259",1,20,"CustomRegion",100,1,0,"chr2",190407239,190407259,"blood"
"cg02606840","chr2:98664458-98664477",1,20,"CustomRegion",100,1,0,"chr2",98664457,98664477,"blood"
"cg02661764","chr11:61066050-61066069",1,20,"CustomRegion",100,1,0,"chr11",61066049,61066069,"blood"
"cg02734358","chr4:89305914-89305933",1,20,"CustomRegion",100,1,0,"chr4",89305913,89305933,"blood"
"cg02779913","chr17:41932418-41932437",1,20,"CustomRegion",100,1,0,"chr17",41932417,41932437,"blood"
"cg02821342","chr7:131108783-131108802",1,20,"CustomRegion",100,1,0,"chr7",131108782,131108802,"blood"
"cg02834765","chr1:155245059-155245078",1,20,"CustomRegion",100,1,0,"chr1",155245058,155245078,"blood"
"cg02861504","chr1:206971013-206971032",1,20,"CustomRegion",100,1,0,"chr1",206971012,206971032,"blood"
"cg03055671","chr3:172513729-172513748",1,20,"CustomRegion",100,1,0,"chr3",172513728,172513748,"blood"
"cg03077671","chr19:13100402-13100421",1,20,"CustomRegion",100,1,0,"chr19",13100401,13100421,"blood"
"cg03234777","chr11:118224820-118224839",1,20,"CustomRegion",100,1,0,"chr11",118224819,118224839,"blood"
"cg03248292","chr12:92467277-92467296",1,20,"CustomRegion",100,1,0,"chr12",92467276,92467296,"blood"
"cg03268893","chr13:26983357-26983376",1,20,"CustomRegion",100,1,0,"chr13",26983356,26983376,"blood"
"cg03278514","chr15:70486998-70487017",1,20,"CustomRegion",100,1,0,"chr15",70486997,70487017,"blood"
"cg03313271","chr13:113258771-113258790",1,20,"CustomRegion",100,1,0,"chr13",113258770,113258790,"blood"
"cg03318654","chr2:86807068-86807087",1,20,"CustomRegion",100,1,0,"chr2",86807067,86807087,"blood"
"cg03339817","chr2:127700698-127700717",1,20,"CustomRegion",100,1,0,"chr2",127700697,127700717,"blood"
"cg03340036","chr4:88525249-88525268",1,20,"CustomRegion",100,1,0,"chr4",88525248,88525268,"blood"
"cg03347559","chr11:3203820-3203839",1,20,"CustomRegion",100,1,0,"chr11",3203819,3203839,"blood"
"cg03419136","chr11:64780165-64780184",1,20,"CustomRegion",100,1,0,"chr11",64780164,64780184,"blood"
"cg03429643","chr2:98664491-98664510",1,20,"CustomRegion",100,1,0,"chr2",98664490,98664510,"blood"
"cg03538296","chr1:15065928-15065947",1,20,"CustomRegion",100,1,0,"chr1",15065927,15065947,"blood"
"cg03605454","chr4:149885122-149885141",1,20,"CustomRegion",100,1,0,"chr4",149885121,149885141,"blood"
"cg03637218","chr5:115873401-115873420",1,20,"CustomRegion",100,1,0,"chr5",115873400,115873420,"blood"
"cg03708221","chr2:27573109-27573128",1,20,"CustomRegion",100,1,0,"chr2",27573108,27573128,"blood"
"cg03722295","chr19:10408690-10408709",1,20,"CustomRegion",100,1,0,"chr19",10408689,10408709,"blood"
"cg03767970","chr1:33255624-33255643",1,20,"CustomRegion",100,1,0,"chr1",33255623,33255643,"blood"
"cg03795574","chr15:98713636-98713655",1,20,"CustomRegion",100,1,0,"chr15",98713635,98713655,"blood"
"cg03798942","chr11:128697054-128697073",1,20,"CustomRegion",100,1,0,"chr11",128697053,128697073,"blood"
"cg03886681","chr2:239138226-239138245",1,20,"CustomRegion",100,1,0,"chr2",239138225,239138245,"blood"
"cg03887528","chr2:230225807-230225826",1,20,"CustomRegion",100,1,0,"chr2",230225806,230225826,"blood"
"cg03889044","chr2:241859938-241859957",1,20,"CustomRegion",100,1,0,"chr2",241859937,241859957,"blood"
"cg03984502","chr1:151833176-151833195",1,20,"CustomRegion",100,1,0,"chr1",151833175,151833195,"blood"
"cg03989617","chr16:57628620-57628639",1,20,"CustomRegion",100,1,0,"chr16",57628619,57628639,"blood"
"cg03992638","chr5:139657729-139657748",1,20,"CustomRegion",100,1,0,"chr5",139657728,139657748,"blood"
"cg04050463","chr6:170293389-170293408",1,20,"CustomRegion",100,1,0,"chr6",170293388,170293408,"blood"
"cg04062576","chr12:53103049-53103068",1,20,"CustomRegion",100,1,0,"chr12",53103048,53103068,"blood"
"cg04153882","chr7:5231288-5231307",1,20,"CustomRegion",100,1,0,"chr7",5231287,5231307,"blood"
"cg04162316","chr17:80812546-80812565",1,20,"CustomRegion",100,1,0,"chr17",80812545,80812565,"blood"
"cg04244970","chr1:160739188-160739207",1,20,"CustomRegion",100,1,0,"chr1",160739187,160739207,"blood"
"cg04307083","chr4:56654963-56654982",1,20,"CustomRegion",100,1,0,"chr4",56654962,56654982,"blood"
"cg04329870","chr2:86821615-86821634",1,20,"CustomRegion",100,1,0,"chr2",86821614,86821634,"blood"
"cg04453471","chr10:30437593-30437612",1,20,"CustomRegion",100,1,0,"chr10",30437592,30437612,"blood"
"cg04468741","chr11:12159911-12159930",1,20,"CustomRegion",100,1,0,"chr11",12159910,12159930,"blood"
"cg04609694","chr6:44236263-44236282",1,20,"CustomRegion",100,1,0,"chr6",44236262,44236282,"blood"
"cg04642300","chr6:108967380-108967399",1,20,"CustomRegion",100,1,0,"chr6",108967379,108967399,"blood"
"cg04658357","chr17:19007721-19007740",1,20,"CustomRegion",100,1,0,"chr17",19007720,19007740,"blood"
"cg04828493","chr13:110676427-110676446",1,20,"CustomRegion",100,1,0,"chr13",110676426,110676446,"blood"
"cg04838847","chr8:109574917-109574936",1,20,"CustomRegion",100,1,0,"chr8",109574916,109574936,"blood"
"cg04855678","chr3:196220041-196220060",1,20,"CustomRegion",100,1,0,"chr3",196220040,196220060,"blood"
"cg04858164","chr15:57032126-57032145",1,20,"CustomRegion",100,1,0,"chr15",57032125,57032145,"blood"
"cg04910877","chr16:88921818-88921837",1,20,"CustomRegion",100,1,0,"chr16",88921817,88921837,"blood"
"cg05021589","chr6:6588689-6588708",1,20,"CustomRegion",100,1,0,"chr6",6588688,6588708,"blood"
"cg05039671","chr4:40243491-40243510",1,20,"CustomRegion",100,1,0,"chr4",40243490,40243510,"blood"
"cg05041073","chr17:39618631-39618650",1,20,"CustomRegion",100,1,0,"chr17",39618630,39618650,"blood"
"cg05070273","chr3:48269398-48269417",1,20,"CustomRegion",100,1,0,"chr3",48269397,48269417,"blood"
"cg05205074","chr14:106851656-106851675",1,20,"CustomRegion",100,1,0,"chr14",106851655,106851675,"blood"
"cg05211768","chr15:90884609-90884628",1,20,"CustomRegion",100,1,0,"chr15",90884608,90884628,"blood"
"cg05280206","chr11:1554368-1554387",1,20,"CustomRegion",100,1,0,"chr11",1554367,1554387,"blood"
"cg05298628","chr12:122895013-122895032",1,20,"CustomRegion",100,1,0,"chr12",122895012,122895032,"blood"
"cg05398700","chr14:102210795-102210814",1,20,"CustomRegion",100,1,0,"chr14",102210794,102210814,"blood"
"cg05492387","chr4:98377770-98377789",1,20,"CustomRegion",100,1,0,"chr4",98377769,98377789,"blood"
"cg05496363","chr11:66316286-66316305",1,20,"CustomRegion",100,1,0,"chr11",66316285,66316305,"blood"
"cg05579731","chr11:61880651-61880670",1,20,"CustomRegion",100,1,0,"chr11",61880650,61880670,"blood"
"cg05617307","chr10:119653661-119653680",1,20,"CustomRegion",100,1,0,"chr10",119653660,119653680,"blood"
"cg05627557","chr2:37190857-37190876",1,20,"CustomRegion",100,1,0,"chr2",37190856,37190876,"blood"
"cg05653887","chr22:46371270-46371289",1,20,"CustomRegion",100,1,0,"chr22",46371269,46371289,"blood"
"cg05723552","chr16:56992108-56992127",1,20,"CustomRegion",100,1,0,"chr16",56992107,56992127,"blood"
"cg05859076","chr3:129119498-129119517",1,20,"CustomRegion",100,1,0,"chr3",129119497,129119517,"blood"
"cg05870586","chr2:239275064-239275083",1,20,"CustomRegion",100,1,0,"chr2",239275063,239275083,"blood"
"cg05875239","chr14:99321213-99321232",1,20,"CustomRegion",100,1,0,"chr14",99321212,99321232,"blood"
"cg05923857","chr10:113151847-113151866",1,20,"CustomRegion",100,1,0,"chr10",113151846,113151866,"blood"
"cg05936004","chr3:130974975-130974994",1,20,"CustomRegion",100,1,0,"chr3",130974974,130974994,"blood"
"cg05975710","chr11:73367782-73367801",1,20,"CustomRegion",100,1,0,"chr11",73367781,73367801,"blood"
"cg05986288","chr5:75320916-75320935",1,20,"CustomRegion",100,1,0,"chr5",75320915,75320935,"blood"
"cg06015525","chr12:57478331-57478350",1,20,"CustomRegion",100,1,0,"chr12",57478330,57478350,"blood"
"cg06040872","chr17:36066846-36066865",1,20,"CustomRegion",100,1,0,"chr17",36066845,36066865,"blood"
"cg06117093","chr2:239369953-239369972",1,20,"CustomRegion",100,1,0,"chr2",239369952,239369972,"blood"
"cg06202778","chr4:56648652-56648671",1,20,"CustomRegion",100,1,0,"chr4",56648651,56648671,"blood"
"cg06270401","chr12:4589910-4589929",1,20,"CustomRegion",100,1,0,"chr12",4589909,4589929,"blood"
"cg06297318","chr6:127346537-127346556",1,20,"CustomRegion",100,1,0,"chr6",127346536,127346556,"blood"
"cg06329392","chr13:40188289-40188308",1,20,"CustomRegion",100,1,0,"chr13",40188288,40188308,"blood"
"cg06398474","chr2:239369805-239369824",1,20,"CustomRegion",100,1,0,"chr2",239369804,239369824,"blood"
"cg06419846","chr11:66316217-66316236",1,20,"CustomRegion",100,1,0,"chr11",66316216,66316236,"blood"
"cg06449334","chr20:17612787-17612806",1,20,"CustomRegion",100,1,0,"chr20",17612786,17612806,"blood"
"cg06465076","chr5:96691665-96691684",1,20,"CustomRegion",100,1,0,"chr5",96691664,96691684,"blood"
"cg06489037","chr3:107987389-107987408",1,20,"CustomRegion",100,1,0,"chr3",107987388,107987408,"blood"
"cg06526020","chr6:34341094-34341113",1,20,"CustomRegion",100,1,0,"chr6",34341093,34341113,"blood"
"cg06889975","chr8:22701200-22701219",1,20,"CustomRegion",100,1,0,"chr8",22701199,22701219,"blood"
"cg06975311","chr11:65639919-65639938",1,20,"CustomRegion",100,1,0,"chr11",65639918,65639938,"blood"
"cg07002540","chr2:85053996-85054015",1,20,"CustomRegion",100,1,0,"chr2",85053995,85054015,"blood"
"cg07016730","chr22:50473868-50473887",1,20,"CustomRegion",100,1,0,"chr22",50473867,50473887,"blood"
"cg07019638","chr11:64868293-64868312",1,20,"CustomRegion",100,1,0,"chr11",64868292,64868312,"blood"
"cg07110949","chr4:1316081-1316100",1,20,"CustomRegion",100,1,0,"chr4",1316080,1316100,"blood"
"cg07212327","chr8:129935134-129935153",1,20,"CustomRegion",100,1,0,"chr8",129935133,129935153,"blood"
"cg07248223","chr17:40561014-40561033",1,20,"CustomRegion",100,1,0,"chr17",40561013,40561033,"blood"
"cg07283441","chr8:128019568-128019587",1,20,"CustomRegion",100,1,0,"chr8",128019567,128019587,"blood"
"cg07361056","chr10:29480532-29480551",1,20,"CustomRegion",100,1,0,"chr10",29480531,29480551,"blood"
"cg07363543","chr1:224503564-224503583",1,20,"CustomRegion",100,1,0,"chr1",224503563,224503583,"blood"
"cg07427475","chr8:143933933-143933952",1,20,"CustomRegion",100,1,0,"chr8",143933932,143933952,"blood"
"cg07558704","chr2:73059351-73059370",1,20,"CustomRegion",100,1,0,"chr2",73059350,73059370,"blood"
"cg07597976","chr16:28931689-28931708",1,20,"CustomRegion",100,1,0,"chr16",28931688,28931708,"blood"
"cg07616394","chr10:92692788-92692807",1,20,"CustomRegion",100,1,0,"chr10",92692787,92692807,"blood"
"cg07635227","chr16:4664805-4664824",1,20,"CustomRegion",100,1,0,"chr16",4664804,4664824,"blood"
"cg07661835","chr16:89097161-89097180",1,20,"CustomRegion",100,1,0,"chr16",89097160,89097180,"blood"
"cg07675477","chr14:99245494-99245513",1,20,"CustomRegion",100,1,0,"chr14",99245493,99245513,"blood"
"cg07679948","chr12:55935848-55935867",1,20,"CustomRegion",100,1,0,"chr12",55935847,55935867,"blood"
"cg07702659","chr1:228136310-228136329",1,20,"CustomRegion",100,1,0,"chr1",228136309,228136329,"blood"
"cg07721872","chr16:87701641-87701660",1,20,"CustomRegion",100,1,0,"chr16",87701640,87701660,"blood"
"cg07725527","chr13:41357036-41357055",1,20,"CustomRegion",100,1,0,"chr13",41357035,41357055,"blood"
"cg07728865","chr2:241845555-241845574",1,20,"CustomRegion",100,1,0,"chr2",241845554,241845574,"blood"
"cg07743231","chr19:40434266-40434285",1,20,"CustomRegion",100,1,0,"chr19",40434265,40434285,"blood"
"cg07754940","chr10:88152963-88152982",1,20,"CustomRegion",100,1,0,"chr10",88152962,88152982,"blood"
"cg07809589","chr2:66437394-66437413",1,20,"CustomRegion",100,1,0,"chr2",66437393,66437413,"blood"
"cg07837085","chr1:160739191-160739210",1,20,"CustomRegion",100,1,0,"chr1",160739190,160739210,"blood"
"cg07881210","chr17:494841-494860",1,20,"CustomRegion",100,1,0,"chr17",494840,494860,"blood"
"cg07918933","chr6:71342091-71342110",1,20,"CustomRegion",100,1,0,"chr6",71342090,71342110,"blood"
"cg07930752","chr2:203705223-203705242",1,20,"CustomRegion",100,1,0,"chr2",203705222,203705242,"blood"
"cg07970799","chr6:6614477-6614496",1,20,"CustomRegion",100,1,0,"chr6",6614476,6614496,"blood"
"cg07978738","chr10:114538571-114538590",1,20,"CustomRegion",100,1,0,"chr10",114538570,114538590,"blood"
"cg07998213","chr11:46345254-46345273",1,20,"CustomRegion",100,1,0,"chr11",46345253,46345273,"blood"
"cg08130572","chr6:111759890-111759909",1,20,"CustomRegion",100,1,0,"chr6",111759889,111759909,"blood"
"cg08154963","chr17:35099857-35099876",1,20,"CustomRegion",100,1,0,"chr17",35099856,35099876,"blood"
"cg08224785","chr5:157269170-157269189",1,20,"CustomRegion",100,1,0,"chr5",157269169,157269189,"blood"
"cg08253808","chr14:102210611-102210630",1,20,"CustomRegion",100,1,0,"chr14",102210610,102210630,"blood"
"cg08280936","chr7:149284486-149284505",1,20,"CustomRegion",100,1,0,"chr7",149284485,149284505,"blood"
"cg08306076","chr6:2973836-2973855",1,20,"CustomRegion",100,1,0,"chr6",2973835,2973855,"blood"
"cg08307469","chr5:37835778-37835797",1,20,"CustomRegion",100,1,0,"chr5",37835777,37835797,"blood"
"cg08326410","chr19:54803420-54803439",1,20,"CustomRegion",100,1,0,"chr19",54803419,54803439,"blood"
"cg08425678","chr1:13702974-13702993",1,20,"CustomRegion",100,1,0,"chr1",13702973,13702993,"blood"
"cg08428292","chr16:85947758-85947777",1,20,"CustomRegion",100,1,0,"chr16",85947757,85947777,"blood"
"cg08444004","chr2:239164473-239164492",1,20,"CustomRegion",100,1,0,"chr2",239164472,239164492,"blood"
"cg08506127","chr2:86791826-86791845",1,20,"CustomRegion",100,1,0,"chr2",86791825,86791845,"blood"
"cg08538581","chr1:162530835-162530854",1,20,"CustomRegion",100,1,0,"chr1",162530834,162530854,"blood"
"cg08549335","chr7:30348329-30348348",1,20,"CustomRegion",100,1,0,"chr7",30348328,30348348,"blood"
"cg08560387","chr10:80488088-80488107",1,20,"CustomRegion",100,1,0,"chr10",80488087,80488107,"blood"
"cg08608952","chr1:22056696-22056715",1,20,"CustomRegion",100,1,0,"chr1",22056695,22056715,"blood"
"cg08635931","chr11:10859079-10859098",1,20,"CustomRegion",100,1,0,"chr11",10859078,10859098,"blood"
"cg08645860","chr16:85935686-85935705",1,20,"CustomRegion",100,1,0,"chr16",85935685,85935705,"blood"
"cg08682625","chr8:127458539-127458558",1,20,"CustomRegion",100,1,0,"chr8",127458538,127458558,"blood"
"cg08694574","chr16:85978000-85978019",1,20,"CustomRegion",100,1,0,"chr16",85977999,85978019,"blood"
"cg08698943","chr10:3467557-3467576",1,20,"CustomRegion",100,1,0,"chr10",3467556,3467576,"blood"
"cg08769189","chr15:55270196-55270215",1,20,"CustomRegion",100,1,0,"chr15",55270195,55270215,"blood"
"cg08777095","chr2:86825274-86825293",1,20,"CustomRegion",100,1,0,"chr2",86825273,86825293,"blood"
"cg08817540","chr3:108301871-108301890",1,20,"CustomRegion",100,1,0,"chr3",108301870,108301890,"blood"
"cg08864105","chr1:111200389-111200408",1,20,"CustomRegion",100,1,0,"chr1",111200388,111200408,"blood"
"cg08884752","chr1:2230553-2230572",1,20,"CustomRegion",100,1,0,"chr1",2230552,2230572,"blood"
"cg09220326","chr3:45133920-45133939",1,20,"CustomRegion",100,1,0,"chr3",45133919,45133939,"blood"
"cg09221159","chr10:88271660-88271679",1,20,"CustomRegion",100,1,0,"chr10",88271659,88271679,"blood"
"cg09257735","chr14:93114695-93114714",1,20,"CustomRegion",100,1,0,"chr14",93114694,93114714,"blood"
"cg09261289","chr12:10307315-10307334",1,20,"CustomRegion",100,1,0,"chr12",10307314,10307334,"blood"
"cg09300089","chr16:89472813-89472832",1,20,"CustomRegion",100,1,0,"chr16",89472812,89472832,"blood"
"cg09318840","chr2:86791812-86791831",1,20,"CustomRegion",100,1,0,"chr2",86791811,86791831,"blood"
"cg09322573","chr8:29103830-29103849",1,20,"CustomRegion",100,1,0,"chr8",29103829,29103849,"blood"
"cg09342997","chr7:129699216-129699235",1,20,"CustomRegion",100,1,0,"chr7",129699215,129699235,"blood"
"cg09391405","chr2:105796544-105796563",1,20,"CustomRegion",100,1,0,"chr2",105796543,105796563,"blood"
"cg09490277","chr6:35451805-35451824",1,20,"CustomRegion",100,1,0,"chr6",35451804,35451824,"blood"
"cg09535475","chr2:42217678-42217697",1,20,"CustomRegion",100,1,0,"chr2",42217677,42217697,"blood"
"cg09543427","chr3:13548841-13548860",1,20,"CustomRegion",100,1,0,"chr3",13548840,13548860,"blood"
"cg09654116","chr7:159023513-159023532",1,20,"CustomRegion",100,1,0,"chr7",159023512,159023532,"blood"
"cg09662852","chr16:11613820-11613839",1,20,"CustomRegion",100,1,0,"chr16",11613819,11613839,"blood"
"cg09722826","chr16:50746328-50746347",1,20,"CustomRegion",100,1,0,"chr16",50746327,50746347,"blood"
"cg09849688","chr1:26734011-26734030",1,20,"CustomRegion",100,1,0,"chr1",26734010,26734030,"blood"
"cg09993145","chr1:24965405-24965424",1,20,"CustomRegion",100,1,0,"chr1",24965404,24965424,"blood"
"cg10054641","chr8:132760838-132760857",1,20,"CustomRegion",100,1,0,"chr8",132760837,132760857,"blood"
"cg10057264","chr4:74308478-74308497",1,20,"CustomRegion",100,1,0,"chr4",74308477,74308497,"blood"
"cg10096215","chr16:68000090-68000109",1,20,"CustomRegion",100,1,0,"chr16",68000089,68000109,"blood"
"cg10142452","chr2:27576535-27576554",1,20,"CustomRegion",100,1,0,"chr2",27576534,27576554,"blood"
"cg10274029","chr16:85947721-85947740",1,20,"CustomRegion",100,1,0,"chr16",85947720,85947740,"blood"
"cg10278149","chr2:207152190-207152209",1,20,"CustomRegion",100,1,0,"chr2",207152189,207152209,"blood"
"cg10480329","chr2:26788973-26788992",1,20,"CustomRegion",100,1,0,"chr2",26788972,26788992,"blood"
"cg10499974","chr3:46202599-46202618",1,20,"CustomRegion",100,1,0,"chr3",46202598,46202618,"blood"
"cg10502324","chr12:75978249-75978268",1,20,"CustomRegion",100,1,0,"chr12",75978248,75978268,"blood"
"cg10516886","chr1:110872601-110872620",1,20,"CustomRegion",100,1,0,"chr1",110872600,110872620,"blood"
"cg10536999","chr7:26153480-26153499",1,20,"CustomRegion",100,1,0,"chr7",26153479,26153499,"blood"
"cg10578938","chr5:157268391-157268410",1,20,"CustomRegion",100,1,0,"chr5",157268390,157268410,"blood"
"cg10611016","chr11:6204520-6204539",1,20,"CustomRegion",100,1,0,"chr11",6204519,6204539,"blood"
"cg10624395","chr11:110479841-110479860",1,20,"CustomRegion",100,1,0,"chr11",110479840,110479860,"blood"
"cg10628126","chr2:85694151-85694170",1,20,"CustomRegion",100,1,0,"chr2",85694150,85694170,"blood"
"cg10639435","chr8:144878827-144878846",1,20,"CustomRegion",100,1,0,"chr8",144878826,144878846,"blood"
"cg10671066","chr1:160523062-160523081",1,20,"CustomRegion",100,1,0,"chr1",160523061,160523081,"blood"
"cg10699171","chr6:24936728-24936747",1,20,"CustomRegion",100,1,0,"chr6",24936727,24936747,"blood"
"cg10768932","chr1:198621599-198621618",1,20,"CustomRegion",100,1,0,"chr1",198621598,198621618,"blood"
"cg10782923","chr12:55935938-55935957",1,20,"CustomRegion",100,1,0,"chr12",55935937,55935957,"blood"
"cg10812236","chr2:68365253-68365272",1,20,"CustomRegion",100,1,0,"chr2",68365252,68365272,"blood"
"cg10825315","chr14:80959559-80959578",1,20,"CustomRegion",100,1,0,"chr14",80959558,80959578,"blood"
"cg10825530","chr11:16002153-16002172",1,20,"CustomRegion",100,1,0,"chr11",16002152,16002172,"blood"
"cg10837404","chr5:113020583-113020602",1,20,"CustomRegion",100,1,0,"chr5",113020582,113020602,"blood"
"cg10879992","chr4:7655745-7655764",1,20,"CustomRegion",100,1,0,"chr4",7655744,7655764,"blood"
"cg10944833","chr6:17702220-17702239",1,20,"CustomRegion",100,1,0,"chr6",17702219,17702239,"blood"
"cg11014468","chr3:53328929-53328948",1,20,"CustomRegion",100,1,0,"chr3",53328928,53328948,"blood"
"cg11067179","chr11:66316061-66316080",1,20,"CustomRegion",100,1,0,"chr11",66316060,66316080,"blood"
"cg11070172","chr14:23117594-23117613",1,20,"CustomRegion",100,1,0,"chr14",23117593,23117613,"blood"
"cg11095122","chr8:19683214-19683233",1,20,"CustomRegion",100,1,0,"chr8",19683213,19683233,"blood"
"cg11176694","chr5:139670821-139670840",1,20,"CustomRegion",100,1,0,"chr5",139670820,139670840,"blood"
"cg11230435","chr10:30435436-30435455",1,20,"CustomRegion",100,1,0,"chr10",30435435,30435455,"blood"
"cg11335172","chr2:102417330-102417349",1,20,"CustomRegion",100,1,0,"chr2",102417329,102417349,"blood"
"cg11354682","chr19:10868148-10868167",1,20,"CustomRegion",100,1,0,"chr19",10868147,10868167,"blood"
"cg11429292","chr12:6778860-6778879",1,20,"CustomRegion",100,1,0,"chr12",6778859,6778879,"blood"
"cg11465943","chr11:61065897-61065916",1,20,"CustomRegion",100,1,0,"chr11",61065896,61065916,"blood"
"cg11467506","chr7:38317437-38317456",1,20,"CustomRegion",100,1,0,"chr7",38317436,38317456,"blood"
"cg11525052","chr11:2300716-2300735",1,20,"CustomRegion",100,1,0,"chr11",2300715,2300735,"blood"
"cg11557901","chr9:125260070-125260089",1,20,"CustomRegion",100,1,0,"chr9",125260069,125260089,"blood"
"cg11637084","chr10:50410660-50410679",1,20,"CustomRegion",100,1,0,"chr10",50410659,50410679,"blood"
"cg11661493","chr17:76427887-76427906",1,20,"CustomRegion",100,1,0,"chr17",76427886,76427906,"blood"
"cg11671363","chr5:149430605-149430624",1,20,"CustomRegion",100,1,0,"chr5",149430604,149430624,"blood"
"cg11699517","chr17:81452761-81452780",1,20,"CustomRegion",100,1,0,"chr17",81452760,81452780,"blood"
"cg11706849","chr2:134289801-134289820",1,20,"CustomRegion",100,1,0,"chr2",134289800,134289820,"blood"
"cg11710595","chr2:15120322-15120341",1,20,"CustomRegion",100,1,0,"chr2",15120321,15120341,"blood"
"cg11774624","chr8:41623111-41623130",1,20,"CustomRegion",100,1,0,"chr8",41623110,41623130,"blood"
"cg11837293","chr20:53740363-53740382",1,20,"CustomRegion",100,1,0,"chr20",53740362,53740382,"blood"
"cg11906021","chr17:49389850-49389869",1,20,"CustomRegion",100,1,0,"chr17",49389849,49389869,"blood"
"cg11953913","chr5:140183279-140183298",1,20,"CustomRegion",100,1,0,"chr5",140183278,140183298,"blood"
"cg11958495","chr1:167439952-167439971",1,20,"CustomRegion",100,1,0,"chr1",167439951,167439971,"blood"
"cg11977716","chr18:79524733-79524752",1,20,"CustomRegion",100,1,0,"chr18",79524732,79524752,"blood"
"cg11978441","chr1:7842703-7842722",1,20,"CustomRegion",100,1,0,"chr1",7842702,7842722,"blood"
"cg12032027","chr20:53581677-53581696",1,20,"CustomRegion",100,1,0,"chr20",53581676,53581696,"blood"
"cg12105450","chr2:201183368-201183387",1,20,"CustomRegion",100,1,0,"chr2",201183367,201183387,"blood"
"cg12177944","chr3:129603685-129603704",1,20,"CustomRegion",100,1,0,"chr3",129603684,129603704,"blood"
"cg12182124","chr18:23871590-23871609",1,20,"CustomRegion",100,1,0,"chr18",23871589,23871609,"blood"
"cg12207930","chr3:151330540-151330559",1,20,"CustomRegion",100,1,0,"chr3",151330539,151330559,"blood"
"cg12294633","chr7:38317119-38317138",1,20,"CustomRegion",100,1,0,"chr7",38317118,38317138,"blood"
"cg12297231","chr1:31058373-31058392",1,20,"CustomRegion",100,1,0,"chr1",31058372,31058392,"blood"
"cg12344862","chr2:86792714-86792733",1,20,"CustomRegion",100,1,0,"chr2",86792713,86792733,"blood"
"cg12403778","chr12:11651172-11651191",1,20,"CustomRegion",100,1,0,"chr12",11651171,11651191,"blood"
"cg12477370","chr6:45424106-45424125",1,20,"CustomRegion",100,1,0,"chr6",45424105,45424125,"blood"
"cg12480903","chr1:167454719-167454738",1,20,"CustomRegion",100,1,0,"chr1",167454718,167454738,"blood"
"cg12483340","chr15:42210832-42210851",1,20,"CustomRegion",100,1,0,"chr15",42210831,42210851,"blood"
"cg12531611","chr6:11212377-11212396",1,20,"CustomRegion",100,1,0,"chr6",11212376,11212396,"blood"
"cg12604490","chr6:98925928-98925947",1,20,"CustomRegion",100,1,0,"chr6",98925927,98925947,"blood"
"cg12655112","chr15:41968947-41968966",1,20,"CustomRegion",100,1,0,"chr15",41968946,41968966,"blood"
"cg12991306","chr8:28083879-28083898",1,20,"CustomRegion",100,1,0,"chr8",28083878,28083898,"blood"
"cg13027206","chr14:91399972-91399991",1,20,"CustomRegion",100,1,0,"chr14",91399971,91399991,"blood"
"cg13039199","chr15:91912419-91912438",1,20,"CustomRegion",100,1,0,"chr15",91912418,91912438,"blood"
"cg13068915","chr17:62668784-62668803",1,20,"CustomRegion",100,1,0,"chr17",62668783,62668803,"blood"
"cg13093111","chr17:68312427-68312446",1,20,"CustomRegion",100,1,0,"chr17",68312426,68312446,"blood"
"cg13133835","chr12:124755248-124755267",1,20,"CustomRegion",100,1,0,"chr12",124755247,124755267,"blood"
"cg13203135","chr21:44145437-44145456",1,20,"CustomRegion",100,1,0,"chr21",44145436,44145456,"blood"
"cg13209388","chr1:6294991-6295010",1,20,"CustomRegion",100,1,0,"chr1",6294990,6295010,"blood"
"cg13247398","chr11:46345281-46345300",1,20,"CustomRegion",100,1,0,"chr11",46345280,46345300,"blood"
"cg13279811","chr3:24683865-24683884",1,20,"CustomRegion",100,1,0,"chr3",24683864,24683884,"blood"
"cg13315450","chr2:219249558-219249577",1,20,"CustomRegion",100,1,0,"chr2",219249557,219249577,"blood"
"cg13354934","chr1:1360704-1360723",1,20,"CustomRegion",100,1,0,"chr1",1360703,1360723,"blood"
"cg13356455","chr15:25717563-25717582",1,20,"CustomRegion",100,1,0,"chr15",25717562,25717582,"blood"
"cg13400249","chr1:8420894-8420913",1,20,"CustomRegion",100,1,0,"chr1",8420893,8420913,"blood"
"cg13430807","chr1:149931414-149931433",1,20,"CustomRegion",100,1,0,"chr1",149931413,149931433,"blood"
"cg13449535","chr1:1165959-1165978",1,20,"CustomRegion",100,1,0,"chr1",1165958,1165978,"blood"
"cg13468144","chr17:4178124-4178143",1,20,"CustomRegion",100,1,0,"chr17",4178123,4178143,"blood"
"cg13468685","chr2:68365596-68365615",1,20,"CustomRegion",100,1,0,"chr2",68365595,68365615,"blood"
"cg13543915","chr9:131418397-131418416",1,20,"CustomRegion",100,1,0,"chr9",131418396,131418416,"blood"
"cg13571479","chr7:2037701-2037720",1,20,"CustomRegion",100,1,0,"chr7",2037700,2037720,"blood"
"cg13617280","chr12:128814908-128814927",1,20,"CustomRegion",100,1,0,"chr12",128814907,128814927,"blood"
"cg13652008","chr2:33134280-33134299",1,20,"CustomRegion",100,1,0,"chr2",33134279,33134299,"blood"
"cg13695076","chr14:60758567-60758586",1,20,"CustomRegion",100,1,0,"chr14",60758566,60758586,"blood"
"cg13738327","chr11:68371756-68371775",1,20,"CustomRegion",100,1,0,"chr11",68371755,68371775,"blood"
"cg13785123","chr1:8871067-8871086",1,20,"CustomRegion",100,1,0,"chr1",8871066,8871086,"blood"
"cg13828440","chr12:10307364-10307383",1,20,"CustomRegion",100,1,0,"chr12",10307363,10307383,"blood"
"cg13917614","chr17:41973633-41973652",1,20,"CustomRegion",100,1,0,"chr17",41973632,41973652,"blood"
"cg13924996","chr11:67286349-67286368",1,20,"CustomRegion",100,1,0,"chr11",67286348,67286368,"blood"
"cg14011327","chr4:98663801-98663820",1,20,"CustomRegion",100,1,0,"chr4",98663800,98663820,"blood"
"cg14059835","chr9:129836629-129836648",1,20,"CustomRegion",100,1,0,"chr9",129836628,129836648,"blood"
"cg14082886","chr11:35142929-35142948",1,20,"CustomRegion",100,1,0,"chr11",35142928,35142948,"blood"
"cg14084689","chr4:7655972-7655991",1,20,"CustomRegion",100,1,0,"chr4",7655971,7655991,"blood"
"cg14109551","chr6:118581875-118581894",1,20,"CustomRegion",100,1,0,"chr6",118581874,118581894,"blood"
"cg14145194","chr19:10339337-10339356",1,20,"CustomRegion",100,1,0,"chr19",10339336,10339356,"blood"
"cg14284211","chr6:35602438-35602457",1,20,"CustomRegion",100,1,0,"chr6",35602437,35602457,"blood"
"cg14301562","chr10:75176318-75176337",1,20,"CustomRegion",100,1,0,"chr10",75176317,75176337,"blood"
"cg14317609","chr9:36986000-36986019",1,20,"CustomRegion",100,1,0,"chr9",36985999,36986019,"blood"
"cg14331899","chr11:61357879-61357898",1,20,"CustomRegion",100,1,0,"chr11",61357878,61357898,"blood"
"cg14381350","chr12:130826474-130826493",1,20,"CustomRegion",100,1,0,"chr12",130826473,130826493,"blood"
"cg14384416","chr2:193384-193403",1,20,"CustomRegion",100,1,0,"chr2",193383,193403,"blood"
"cg14475875","chr3:194138278-194138297",1,20,"CustomRegion",100,1,0,"chr3",194138277,194138297,"blood"
"cg14477767","chr4:169274278-169274297",1,20,"CustomRegion",100,1,0,"chr4",169274277,169274297,"blood"
"cg14482811","chr9:136758376-136758395",1,20,"CustomRegion",100,1,0,"chr9",136758375,136758395,"blood"
"cg14496375","chr19:51369102-51369121",1,20,"CustomRegion",100,1,0,"chr19",51369101,51369121,"blood"
"cg14555759","chr5:39167060-39167079",1,20,"CustomRegion",100,1,0,"chr5",39167059,39167079,"blood"
"cg14564351","chr6:135323258-135323277",1,20,"CustomRegion",100,1,0,"chr6",135323257,135323277,"blood"
"cg14574996","chr19:8515441-8515460",1,20,"CustomRegion",100,1,0,"chr19",8515440,8515460,"blood"
"cg14595786","chr19:51123720-51123739",1,20,"CustomRegion",100,1,0,"chr19",51123719,51123739,"blood"
"cg14655843","chr9:111926448-111926467",1,20,"CustomRegion",100,1,0,"chr9",111926447,111926467,"blood"
"cg14729344","chr10:119370232-119370251",1,20,"CustomRegion",100,1,0,"chr10",119370231,119370251,"blood"
"cg14907310","chr11:2266495-2266514",1,20,"CustomRegion",100,1,0,"chr11",2266494,2266514,"blood"
"cg14936008","chr14:106851790-106851809",1,20,"CustomRegion",100,1,0,"chr14",106851789,106851809,"blood"
"cg15014975","chr1:24931047-24931066",1,20,"CustomRegion",100,1,0,"chr1",24931046,24931066,"blood"
"cg15029631","chr12:51684969-51684988",1,20,"CustomRegion",100,1,0,"chr12",51684968,51684988,"blood"
"cg15035590","chr3:66387023-66387042",1,20,"CustomRegion",100,1,0,"chr3",66387022,66387042,"blood"
"cg15086439","chr1:236399761-236399780",1,20,"CustomRegion",100,1,0,"chr1",236399760,236399780,"blood"
"cg15087459","chr12:95006401-95006420",1,20,"CustomRegion",100,1,0,"chr12",95006400,95006420,"blood"
"cg15114607","chr7:138169797-138169816",1,20,"CustomRegion",100,1,0,"chr7",138169796,138169816,"blood"
"cg15153141","chr5:82174228-82174247",1,20,"CustomRegion",100,1,0,"chr5",82174227,82174247,"blood"
"cg15241779","chr12:10307304-10307323",1,20,"CustomRegion",100,1,0,"chr12",10307303,10307323,"blood"
"cg15258980","chr2:68734456-68734475",1,20,"CustomRegion",100,1,0,"chr2",68734455,68734475,"blood"
"cg15348679","chr21:44206599-44206618",1,20,"CustomRegion",100,1,0,"chr21",44206598,44206618,"blood"
"cg15384400","chr4:36255648-36255667",1,20,"CustomRegion",100,1,0,"chr4",36255647,36255667,"blood"
"cg15492552","chr1:1362187-1362206",1,20,"CustomRegion",100,1,0,"chr1",1362186,1362206,"blood"
"cg15532942","chr18:79460703-79460722",1,20,"CustomRegion",100,1,0,"chr18",79460702,79460722,"blood"
"cg15535471","chr7:139647332-139647351",1,20,"CustomRegion",100,1,0,"chr7",139647331,139647351,"blood"
"cg15595502","chr1:224377159-224377178",1,20,"CustomRegion",100,1,0,"chr1",224377158,224377178,"blood"
"cg15607358","chr12:262874-262893",1,20,"CustomRegion",100,1,0,"chr12",262873,262893,"blood"
"cg15657641","chr11:47918208-47918227",1,20,"CustomRegion",100,1,0,"chr11",47918207,47918227,"blood"
"cg15691199","chr14:23120201-23120220",1,20,"CustomRegion",100,1,0,"chr14",23120200,23120220,"blood"
"cg15821562","chr14:89616922-89616941",1,20,"CustomRegion",100,1,0,"chr14",89616921,89616941,"blood"
"cg15878616","chr20:53875661-53875680",1,20,"CustomRegion",100,1,0,"chr20",53875660,53875680,"blood"
"cg15906007","chr22:38494700-38494719",1,20,"CustomRegion",100,1,0,"chr22",38494699,38494719,"blood"
"cg16013543","chr1:154327756-154327775",1,20,"CustomRegion",100,1,0,"chr1",154327755,154327775,"blood"
"cg16047279","chr17:40560981-40561000",1,20,"CustomRegion",100,1,0,"chr17",40560980,40561000,"blood"
"cg16126665","chr14:99245406-99245425",1,20,"CustomRegion",100,1,0,"chr14",99245405,99245425,"blood"
"cg16148346","chr11:59058993-59059012",1,20,"CustomRegion",100,1,0,"chr11",59058992,59059012,"blood"
"cg16212145","chr14:24634515-24634534",1,20,"CustomRegion",100,1,0,"chr14",24634514,24634534,"blood"
"cg16256390","chr14:99245990-99246009",1,20,"CustomRegion",100,1,0,"chr14",99245989,99246009,"blood"
"cg16429499","chr16:3547142-3547161",1,20,"CustomRegion",100,1,0,"chr16",3547141,3547161,"blood"
"cg16519762","chr17:7888807-7888826",1,20,"CustomRegion",100,1,0,"chr17",7888806,7888826,"blood"
"cg16582517","chr3:4984191-4984210",1,20,"CustomRegion",100,1,0,"chr3",4984190,4984210,"blood"
"cg16606638","chr12:89524435-89524454",1,20,"CustomRegion",100,1,0,"chr12",89524434,89524454,"blood"
"cg16636767","chr11:13673091-13673110",1,20,"CustomRegion",100,1,0,"chr11",13673090,13673110,"blood"
"cg16654610","chr4:477592-477611",1,20,"CustomRegion",100,1,0,"chr4",477591,477611,"blood"
"cg16681873","chr19:1090970-1090989",1,20,"CustomRegion",100,1,0,"chr19",1090969,1090989,"blood"
"cg16802439","chr16:88840767-88840786",1,20,"CustomRegion",100,1,0,"chr16",88840766,88840786,"blood"
"cg16810279","chr17:78258039-78258058",1,20,"CustomRegion",100,1,0,"chr17",78258038,78258058,"blood"
"cg16836311","chr1:25618212-25618231",1,20,"CustomRegion",100,1,0,"chr1",25618211,25618231,"blood"
"cg16871561","chr12:98593100-98593119",1,20,"CustomRegion",100,1,0,"chr12",98593099,98593119,"blood"
"cg16893868","chr19:54572793-54572812",1,20,"CustomRegion",100,1,0,"chr19",54572792,54572812,"blood"
"cg16941568","chr11:1554542-1554561",1,20,"CustomRegion",100,1,0,"chr11",1554541,1554561,"blood"
"cg17232476","chr11:121570162-121570181",1,20,"CustomRegion",100,1,0,"chr11",121570161,121570181,"blood"
"cg17266282","chr6:111973320-111973339",1,20,"CustomRegion",100,1,0,"chr6",111973319,111973339,"blood"
"cg17343167","chr5:178115593-178115612",1,20,"CustomRegion",100,1,0,"chr5",178115592,178115612,"blood"
"cg17346246","chr12:122730308-122730327",1,20,"CustomRegion",100,1,0,"chr12",122730307,122730327,"blood"
"cg17594003","chr2:144521232-144521251",1,20,"CustomRegion",100,1,0,"chr2",144521231,144521251,"blood"
"cg17638468","chr3:112975206-112975225",1,20,"CustomRegion",100,1,0,"chr3",112975205,112975225,"blood"
"cg17694130","chr4:14856657-14856676",1,20,"CustomRegion",100,1,0,"chr4",14856656,14856676,"blood"
"cg17717866","chr6:142913038-142913057",1,20,"CustomRegion",100,1,0,"chr6",142913037,142913057,"blood"
"cg17768768","chr7:2908480-2908499",1,20,"CustomRegion",100,1,0,"chr7",2908479,2908499,"blood"
"cg17824906","chr12:1590836-1590855",1,20,"CustomRegion",100,1,0,"chr12",1590835,1590855,"blood"
"cg17830204","chr7:100221478-100221497",1,20,"CustomRegion",100,1,0,"chr7",100221477,100221497,"blood"
"cg17851021","chr5:1097250-1097269",1,20,"CustomRegion",100,1,0,"chr5",1097249,1097269,"blood"
"cg17852482","chr17:82875169-82875188",1,20,"CustomRegion",100,1,0,"chr17",82875168,82875188,"blood"
"cg17995557","chr10:124601393-124601412",1,20,"CustomRegion",100,1,0,"chr10",124601392,124601412,"blood"
"cg18050634","chr17:81453110-81453129",1,20,"CustomRegion",100,1,0,"chr17",81453109,81453129,"blood"
"cg18055007","chr6:31730440-31730459",1,20,"CustomRegion",100,1,0,"chr6",31730439,31730459,"blood"
"cg18066690","chr8:47431489-47431508",1,20,"CustomRegion",100,1,0,"chr8",47431488,47431508,"blood"
"cg18067520","chr6:106666710-106666729",1,20,"CustomRegion",100,1,0,"chr6",106666709,106666729,"blood"
"cg18128887","chr1:24535209-24535228",1,20,"CustomRegion",100,1,0,"chr1",24535208,24535228,"blood"
"cg18168101","chr8:103141390-103141409",1,20,"CustomRegion",100,1,0,"chr8",103141389,103141409,"blood"
"cg18174654","chr2:86792480-86792499",1,20,"CustomRegion",100,1,0,"chr2",86792479,86792499,"blood"
"cg18184053","chr10:5840767-5840786",1,20,"CustomRegion",100,1,0,"chr10",5840766,5840786,"blood"
"cg18224038","chr2:86815539-86815558",1,20,"CustomRegion",100,1,0,"chr2",86815538,86815558,"blood"
"cg18250453","chr8:73012681-73012700",1,20,"CustomRegion",100,1,0,"chr8",73012680,73012700,"blood"
"cg18257485","chr4:2954891-2954910",1,20,"CustomRegion",100,1,0,"chr4",2954890,2954910,"blood"
"cg18270113","chr7:5563485-5563504",1,20,"CustomRegion",100,1,0,"chr7",5563484,5563504,"blood"
"cg18303397","chr3:129441283-129441302",1,20,"CustomRegion",100,1,0,"chr3",129441282,129441302,"blood"
"cg18310515","chr2:85694397-85694416",1,20,"CustomRegion",100,1,0,"chr2",85694396,85694416,"blood"
"cg18406852","chr2:100394298-100394317",1,20,"CustomRegion",100,1,0,"chr2",100394297,100394317,"blood"
"cg18437209","chr11:35083643-35083662",1,20,"CustomRegion",100,1,0,"chr11",35083642,35083662,"blood"
"cg18546384","chr7:2037413-2037432",1,20,"CustomRegion",100,1,0,"chr7",2037412,2037432,"blood"
"cg18582260","chr13:24511154-24511173",1,20,"CustomRegion",100,1,0,"chr13",24511153,24511173,"blood"
"cg18603228","chr3:13548930-13548949",1,20,"CustomRegion",100,1,0,"chr3",13548929,13548949,"blood"
"cg18670770","chr4:121070508-121070527",1,20,"CustomRegion",100,1,0,"chr4",121070507,121070527,"blood"
"cg18672716","chr2:193247-193266",1,20,"CustomRegion",100,1,0,"chr2",193246,193266,"blood"
"cg18701685","chr14:23155145-23155164",1,20,"CustomRegion",100,1,0,"chr14",23155144,23155164,"blood"
"cg18800235","chr1:94021330-94021349",1,20,"CustomRegion",100,1,0,"chr1",94021329,94021349,"blood"
"cg18830527","chr2:86791834-86791853",1,20,"CustomRegion",100,1,0,"chr2",86791833,86791853,"blood"
"cg18835472","chr6:26545819-26545838",1,20,"CustomRegion",100,1,0,"chr6",26545818,26545838,"blood"
"cg18857618","chr2:86821357-86821376",1,20,"CustomRegion",100,1,0,"chr2",86821356,86821376,"blood"
"cg18881723","chr1:160647071-160647090",1,20,"CustomRegion",100,1,0,"chr1",160647070,160647090,"blood"
"cg18923906","chr10:80466006-80466025",1,20,"CustomRegion",100,1,0,"chr10",80466005,80466025,"blood"
"cg18990407","chr3:184579583-184579602",1,20,"CustomRegion",100,1,0,"chr3",184579582,184579602,"blood"
"cg19037107","chr11:134256420-134256439",1,20,"CustomRegion",100,1,0,"chr11",134256419,134256439,"blood"
"cg19055828","chr12:50745529-50745548",1,20,"CustomRegion",100,1,0,"chr12",50745528,50745548,"blood"
"cg19163067","chr1:35576828-35576847",1,20,"CustomRegion",100,1,0,"chr1",35576827,35576847,"blood"
"cg19215266","chr10:35128226-35128245",1,20,"CustomRegion",100,1,0,"chr10",35128225,35128245,"blood"
"cg19269039","chr1:111200569-111200588",1,20,"CustomRegion",100,1,0,"chr1",111200568,111200588,"blood"
"cg19276014","chr10:131766293-131766312",1,20,"CustomRegion",100,1,0,"chr10",131766292,131766312,"blood"
"cg19301114","chr6:161375744-161375763",1,20,"CustomRegion",100,1,0,"chr6",161375743,161375763,"blood"
"cg19358608","chr20:1943910-1943929",1,20,"CustomRegion",100,1,0,"chr20",1943909,1943929,"blood"
"cg19392656","chr3:13548906-13548925",1,20,"CustomRegion",100,1,0,"chr3",13548905,13548925,"blood"
"cg19408207","chr3:179037400-179037419",1,20,"CustomRegion",100,1,0,"chr3",179037399,179037419,"blood"
"cg19410791","chr2:86809868-86809887",1,20,"CustomRegion",100,1,0,"chr2",86809867,86809887,"blood"
"cg19455189","chr2:230878010-230878029",1,20,"CustomRegion",100,1,0,"chr2",230878009,230878029,"blood"
"cg19460836","chr17:81074063-81074082",1,20,"CustomRegion",100,1,0,"chr17",81074062,81074082,"blood"
"cg19574915","chr15:88652315-88652334",1,20,"CustomRegion",100,1,0,"chr15",88652314,88652334,"blood"
"cg19679865","chr1:8407835-8407854",1,20,"CustomRegion",100,1,0,"chr1",8407834,8407854,"blood"
"cg19696012","chr8:127732782-127732801",1,20,"CustomRegion",100,1,0,"chr8",127732781,127732801,"blood"
"cg19730972","chr14:101710325-101710344",1,20,"CustomRegion",100,1,0,"chr14",101710324,101710344,"blood"
"cg19835973","chr19:54242755-54242774",1,20,"CustomRegion",100,1,0,"chr19",54242754,54242774,"blood"
"cg19933595","chr4:145935852-145935871",1,20,"CustomRegion",100,1,0,"chr4",145935851,145935871,"blood"
"cg20029347","chr11:46345318-46345337",1,20,"CustomRegion",100,1,0,"chr11",46345317,46345337,"blood"
"cg20105848","chr11:1556767-1556786",1,20,"CustomRegion",100,1,0,"chr11",1556766,1556786,"blood"
"cg20146241","chr1:24535105-24535124",1,20,"CustomRegion",100,1,0,"chr1",24535104,24535124,"blood"
"cg20367218","chr11:66315744-66315763",1,20,"CustomRegion",100,1,0,"chr11",66315743,66315763,"blood"
"cg20380468","chr5:39202946-39202965",1,20,"CustomRegion",100,1,0,"chr5",39202945,39202965,"blood"
"cg20450123","chr8:19682690-19682709",1,20,"CustomRegion",100,1,0,"chr8",19682689,19682709,"blood"
"cg20460771","chr1:28195020-28195039",1,20,"CustomRegion",100,1,0,"chr1",28195019,28195039,"blood"
"cg20525486","chr3:71062763-71062782",1,20,"CustomRegion",100,1,0,"chr3",71062762,71062782,"blood"
"cg20602300","chr15:40553869-40553888",1,20,"CustomRegion",100,1,0,"chr15",40553868,40553888,"blood"
"cg20610950","chr17:77100111-77100130",1,20,"CustomRegion",100,1,0,"chr17",77100110,77100130,"blood"
"cg20641531","chr7:8263092-8263111",1,20,"CustomRegion",100,1,0,"chr7",8263091,8263111,"blood"
"cg20657709","chr2:28286694-28286713",1,20,"CustomRegion",100,1,0,"chr2",28286693,28286713,"blood"
"cg20660269","chr22:24427537-24427556",1,20,"CustomRegion",100,1,0,"chr22",24427536,24427556,"blood"
"cg20737812","chr15:85793391-85793410",1,20,"CustomRegion",100,1,0,"chr15",85793390,85793410,"blood"
"cg20786131","chr18:23134523-23134542",1,20,"CustomRegion",100,1,0,"chr18",23134522,23134542,"blood"
"cg20918393","chr20:19886483-19886502",1,20,"CustomRegion",100,1,0,"chr20",19886482,19886502,"blood"
"cg20945853","chr5:134070842-134070861",1,20,"CustomRegion",100,1,0,"chr5",134070841,134070861,"blood"
"cg21005240","chr12:22535800-22535819",1,20,"CustomRegion",100,1,0,"chr12",22535799,22535819,"blood"
"cg21057323","chr14:102946634-102946653",1,20,"CustomRegion",100,1,0,"chr14",102946633,102946653,"blood"
"cg21091766","chr5:177471663-177471682",1,20,"CustomRegion",100,1,0,"chr5",177471662,177471682,"blood"
"cg21220520","chr14:57493737-57493756",1,20,"CustomRegion",100,1,0,"chr14",57493736,57493756,"blood"
"cg21221767","chr14:65206919-65206938",1,20,"CustomRegion",100,1,0,"chr14",65206918,65206938,"blood"
"cg21248060","chr7:1000312-1000331",1,20,"CustomRegion",100,1,0,"chr7",1000311,1000331,"blood"
"cg21254939","chr4:7655567-7655586",1,20,"CustomRegion",100,1,0,"chr4",7655566,7655586,"blood"
"cg21268578","chr22:37633462-37633481",1,20,"CustomRegion",100,1,0,"chr22",37633461,37633481,"blood"
"cg21285555","chr8:51858897-51858916",1,20,"CustomRegion",100,1,0,"chr8",51858896,51858916,"blood"
"cg21291385","chr21:34075906-34075925",1,20,"CustomRegion",100,1,0,"chr21",34075905,34075925,"blood"
"cg21333217","chr3:129558469-129558488",1,20,"CustomRegion",100,1,0,"chr3",129558468,129558488,"blood"
"cg21467614","chr6:31575852-31575871",1,20,"CustomRegion",100,1,0,"chr6",31575851,31575871,"blood"
"cg21474838","chr12:10308004-10308023",1,20,"CustomRegion",100,1,0,"chr12",10308003,10308023,"blood"
"cg21543859","chr6:45423899-45423918",1,20,"CustomRegion",100,1,0,"chr6",45423898,45423918,"blood"
"cg21565496","chr13:40188004-40188023",1,20,"CustomRegion",100,1,0,"chr13",40188003,40188023,"blood"
"cg21596498","chr19:42114246-42114265",1,20,"CustomRegion",100,1,0,"chr19",42114245,42114265,"blood"
"cg21634628","chr3:15645755-15645774",1,20,"CustomRegion",100,1,0,"chr3",15645754,15645774,"blood"
"cg21648425","chr2:86792060-86792079",1,20,"CustomRegion",100,1,0,"chr2",86792059,86792079,"blood"
"cg21671607","chr11:36594456-36594475",1,20,"CustomRegion",100,1,0,"chr11",36594455,36594475,"blood"
"cg21685770","chr12:10172310-10172329",1,20,"CustomRegion",100,1,0,"chr12",10172309,10172329,"blood"
"cg21743182","chr7:90709809-90709828",1,20,"CustomRegion",100,1,0,"chr7",90709808,90709828,"blood"
"cg21747310","chr12:11556172-11556191",1,20,"CustomRegion",100,1,0,"chr12",11556171,11556191,"blood"
"cg21761853","chr6:30737023-30737042",1,20,"CustomRegion",100,1,0,"chr6",30737022,30737042,"blood"
"cg21792134","chr3:121772526-121772545",1,20,"CustomRegion",100,1,0,"chr3",121772525,121772545,"blood"
"cg22014398","chr5:179803857-179803876",1,20,"CustomRegion",100,1,0,"chr5",179803856,179803876,"blood"
"cg22065498","chr19:51368628-51368647",1,20,"CustomRegion",100,1,0,"chr19",51368627,51368647,"blood"
"cg22212560","chr11:65408002-65408021",1,20,"CustomRegion",100,1,0,"chr11",65408001,65408021,"blood"
"cg22213242","chr11:66316093-66316112",1,20,"CustomRegion",100,1,0,"chr11",66316092,66316112,"blood"
"cg22381196","chr16:72007468-72007487",1,20,"CustomRegion",100,1,0,"chr16",72007467,72007487,"blood"
"cg22481695","chr7:127395795-127395814",1,20,"CustomRegion",100,1,0,"chr7",127395794,127395814,"blood"
"cg22488278","chr4:2320221-2320240",1,20,"CustomRegion",100,1,0,"chr4",2320220,2320240,"blood"
"cg22563987","chr17:78134406-78134425",1,20,"CustomRegion",100,1,0,"chr17",78134405,78134425,"blood"
"cg22620363","chr10:79067028-79067047",1,20,"CustomRegion",100,1,0,"chr10",79067027,79067047,"blood"
"cg22632840","chr11:67304166-67304185",1,20,"CustomRegion",100,1,0,"chr11",67304165,67304185,"blood"
"cg22708902","chr8:23243459-23243478",1,20,"CustomRegion",100,1,0,"chr8",23243458,23243478,"blood"
"cg22753630","chr10:61767245-61767264",1,20,"CustomRegion",100,1,0,"chr10",61767244,61767264,"blood"
"cg22827210","chr12:104604395-104604414",1,20,"CustomRegion",100,1,0,"chr12",104604394,104604414,"blood"
"cg22843803","chr11:65428645-65428664",1,20,"CustomRegion",100,1,0,"chr11",65428644,65428664,"blood"
"cg23015664","chr7:2000465-2000484",1,20,"CustomRegion",100,1,0,"chr7",2000464,2000484,"blood"
"cg23045908","chr1:66333727-66333746",1,20,"CustomRegion",100,1,0,"chr1",66333726,66333746,"blood"
"cg23053742","chr8:70651881-70651900",1,20,"CustomRegion",100,1,0,"chr8",70651880,70651900,"blood"
"cg23068939","chr1:111473955-111473974",1,20,"CustomRegion",100,1,0,"chr1",111473954,111473974,"blood"
"cg23146741","chr8:42857160-42857179",1,20,"CustomRegion",100,1,0,"chr8",42857159,42857179,"blood"
"cg23169883","chr10:70675536-70675555",1,20,"CustomRegion",100,1,0,"chr10",70675535,70675555,"blood"
"cg23213217","chr1:224182444-224182463",1,20,"CustomRegion",100,1,0,"chr1",224182443,224182463,"blood"
"cg23244761","chr6:161375809-161375828",1,20,"CustomRegion",100,1,0,"chr6",161375808,161375828,"blood"
"cg23325335","chr15:99439076-99439095",1,20,"CustomRegion",100,1,0,"chr15",99439075,99439095,"blood"
"cg23357533","chr13:41470528-41470547",1,20,"CustomRegion",100,1,0,"chr13",41470527,41470547,"blood"
"cg23357708","chr19:8515616-8515635",1,20,"CustomRegion",100,1,0,"chr19",8515615,8515635,"blood"
"cg23358740","chr14:101731811-101731830",1,20,"CustomRegion",100,1,0,"chr14",101731810,101731830,"blood"
"cg23391288","chr13:48792058-48792077",1,20,"CustomRegion",100,1,0,"chr13",48792057,48792077,"blood"
"cg23398076","chr2:66437819-66437838",1,20,"CustomRegion",100,1,0,"chr2",66437818,66437838,"blood"
"cg23624705","chr1:92487089-92487108",1,20,"CustomRegion",100,1,0,"chr1",92487088,92487108,"blood"
"cg23643435","chr2:38666100-38666119",1,20,"CustomRegion",100,1,0,"chr2",38666099,38666119,"blood"
"cg23651889","chr3:188397539-188397558",1,20,"CustomRegion",100,1,0,"chr3",188397538,188397558,"blood"
"cg23661721","chr14:95525025-95525044",1,20,"CustomRegion",100,1,0,"chr14",95525024,95525044,"blood"
"cg23683962","chr3:24508003-24508022",1,20,"CustomRegion",100,1,0,"chr3",24508002,24508022,"blood"
"cg23792308","chr17:14201333-14201352",1,20,"CustomRegion",100,1,0,"chr17",14201332,14201352,"blood"
"cg23954655","chr13:98571299-98571318",1,20,"CustomRegion",100,1,0,"chr13",98571298,98571318,"blood"
"cg24049629","chr3:50339035-50339054",1,20,"CustomRegion",100,1,0,"chr3",50339034,50339054,"blood"
"cg24088496","chr11:96338333-96338352",1,20,"CustomRegion",100,1,0,"chr11",96338332,96338352,"blood"
"cg24238409","chr10:92238911-92238930",1,20,"CustomRegion",100,1,0,"chr10",92238910,92238930,"blood"
"cg24314564","chr3:188951142-188951161",1,20,"CustomRegion",100,1,0,"chr3",188951141,188951161,"blood"
"cg24345747","chr2:86788681-86788700",1,20,"CustomRegion",100,1,0,"chr2",86788680,86788700,"blood"
"cg24430034","chr13:109733820-109733839",1,20,"CustomRegion",100,1,0,"chr13",109733819,109733839,"blood"
"cg24641737","chr1:111200640-111200659",1,20,"CustomRegion",100,1,0,"chr1",111200639,111200659,"blood"
"cg24662823","chr11:128480731-128480750",1,20,"CustomRegion",100,1,0,"chr11",128480730,128480750,"blood"
"cg24706505","chr19:13100438-13100457",1,20,"CustomRegion",100,1,0,"chr19",13100437,13100457,"blood"
"cg24788483","chr10:113151884-113151903",1,20,"CustomRegion",100,1,0,"chr10",113151883,113151903,"blood"
"cg24838825","chr10:109934156-109934175",1,20,"CustomRegion",100,1,0,"chr10",109934155,109934175,"blood"
"cg24904788","chr11:45093282-45093301",1,20,"CustomRegion",100,1,0,"chr11",45093281,45093301,"blood"
"cg24957609","chr12:26972153-26972172",1,20,"CustomRegion",100,1,0,"chr12",26972152,26972172,"blood"
"cg25006077","chr3:152458220-152458239",1,20,"CustomRegion",100,1,0,"chr3",152458219,152458239,"blood"
"cg25074794","chr10:45463428-45463447",1,20,"CustomRegion",100,1,0,"chr10",45463427,45463447,"blood"
"cg25103161","chr5:179803700-179803719",1,20,"CustomRegion",100,1,0,"chr5",179803699,179803719,"blood"
"cg25131632","chr10:92789274-92789293",1,20,"CustomRegion",100,1,0,"chr10",92789273,92789293,"blood"
"cg25235205","chr7:99373160-99373179",1,20,"CustomRegion",100,1,0,"chr7",99373159,99373179,"blood"
"cg25350872","chr7:159023449-159023468",1,20,"CustomRegion",100,1,0,"chr7",159023448,159023468,"blood"
"cg25383568","chr19:38727072-38727091",1,20,"CustomRegion",100,1,0,"chr19",38727071,38727091,"blood"
"cg25416125","chr12:55935822-55935841",1,20,"CustomRegion",100,1,0,"chr12",55935821,55935841,"blood"
"cg25486399","chr12:54983104-54983123",1,20,"CustomRegion",100,1,0,"chr12",54983103,54983123,"blood"
"cg25496930","chr3:32239465-32239484",1,20,"CustomRegion",100,1,0,"chr3",32239464,32239484,"blood"
"cg25535316","chr11:579189-579208",1,20,"CustomRegion",100,1,0,"chr11",579188,579208,"blood"
"cg25554283","chr17:65562132-65562151",1,20,"CustomRegion",100,1,0,"chr17",65562131,65562151,"blood"
"cg25598890","chr12:117063633-117063652",1,20,"CustomRegion",100,1,0,"chr12",117063632,117063652,"blood"
"cg25599673","chr3:187020573-187020592",1,20,"CustomRegion",100,1,0,"chr3",187020572,187020592,"blood"
"cg25600606","chr11:33286790-33286809",1,20,"CustomRegion",100,1,0,"chr11",33286789,33286809,"blood"
"cg25605731","chr19:12943611-12943630",1,20,"CustomRegion",100,1,0,"chr19",12943610,12943630,"blood"
"cg25607121","chr2:218881017-218881036",1,20,"CustomRegion",100,1,0,"chr2",218881016,218881036,"blood"
"cg25616055","chr12:89245104-89245123",1,20,"CustomRegion",100,1,0,"chr12",89245103,89245123,"blood"
"cg25653947","chr8:143361038-143361057",1,20,"CustomRegion",100,1,0,"chr8",143361037,143361057,"blood"
"cg25683989","chr12:110686401-110686420",1,20,"CustomRegion",100,1,0,"chr12",110686400,110686420,"blood"
"cg25719851","chr12:6946280-6946299",1,20,"CustomRegion",100,1,0,"chr12",6946279,6946299,"blood"
"cg25729350","chr15:58332326-58332345",1,20,"CustomRegion",100,1,0,"chr15",58332325,58332345,"blood"
"cg25739938","chr2:9470483-9470502",1,20,"CustomRegion",100,1,0,"chr2",9470482,9470502,"blood"
"cg25856090","chr7:143331606-143331625",1,20,"CustomRegion",100,1,0,"chr7",143331605,143331625,"blood"
"cg25887844","chr2:68734354-68734373",1,20,"CustomRegion",100,1,0,"chr2",68734353,68734373,"blood"
"cg25893560","chr11:128840218-128840237",1,20,"CustomRegion",100,1,0,"chr11",128840217,128840237,"blood"
"cg25898577","chr22:21937860-21937879",1,20,"CustomRegion",100,1,0,"chr22",21937859,21937879,"blood"
"cg25939861","chr2:86793805-86793824",1,20,"CustomRegion",100,1,0,"chr2",86793804,86793824,"blood"
"cg26012482","chr2:8283016-8283035",1,20,"CustomRegion",100,1,0,"chr2",8283015,8283035,"blood"
"cg26056277","chr2:166126406-166126425",1,20,"CustomRegion",100,1,0,"chr2",166126405,166126425,"blood"
"cg26121053","chr10:48672545-48672564",1,20,"CustomRegion",100,1,0,"chr10",48672544,48672564,"blood"
"cg26133266","chr17:39224565-39224584",1,20,"CustomRegion",100,1,0,"chr17",39224564,39224584,"blood"
"cg26169783","chr13:33797691-33797710",1,20,"CustomRegion",100,1,0,"chr13",33797690,33797710,"blood"
"cg26268145","chr11:72590671-72590690",1,20,"CustomRegion",100,1,0,"chr11",72590670,72590690,"blood"
"cg26270899","chr9:136696299-136696318",1,20,"CustomRegion",100,1,0,"chr9",136696298,136696318,"blood"
"cg26283496","chr3:146551330-146551349",1,20,"CustomRegion",100,1,0,"chr3",146551329,146551349,"blood"
"cg26341831","chr1:225848569-225848588",1,20,"CustomRegion",100,1,0,"chr1",225848568,225848588,"blood"
"cg26538782","chr19:10197855-10197874",1,20,"CustomRegion",100,1,0,"chr19",10197854,10197874,"blood"
"cg26552743","chr11:59058932-59058951",1,20,"CustomRegion",100,1,0,"chr11",59058931,59058951,"blood"
"cg26562691","chr16:23839074-23839093",1,20,"CustomRegion",100,1,0,"chr16",23839073,23839093,"blood"
"cg26572165","chr1:160837895-160837914",1,20,"CustomRegion",100,1,0,"chr1",160837894,160837914,"blood"
"cg26692003","chr3:13021656-13021675",1,20,"CustomRegion",100,1,0,"chr3",13021655,13021675,"blood"
"cg26707718","chr13:40490336-40490355",1,20,"CustomRegion",100,1,0,"chr13",40490335,40490355,"blood"
"cg26872907","chr6:161375813-161375832",1,20,"CustomRegion",100,1,0,"chr6",161375812,161375832,"blood"
"cg26971042","chr15:70094869-70094888",1,20,"CustomRegion",100,1,0,"chr15",70094868,70094888,"blood"
"cg26986871","chr12:10392475-10392494",1,20,"CustomRegion",100,1,0,"chr12",10392474,10392494,"blood"
"cg27027151","chr16:27450308-27450327",1,20,"CustomRegion",100,1,0,"chr16",27450307,27450327,"blood"
"cg27043010","chr14:99246034-99246053",1,20,"CustomRegion",100,1,0,"chr14",99246033,99246053,"blood"
"cg27058497","chr1:24965046-24965065",1,20,"CustomRegion",100,1,0,"chr1",24965045,24965065,"blood"
"cg27059140","chr17:49277844-49277863",1,20,"CustomRegion",100,1,0,"chr17",49277843,49277863,"blood"
"cg27106643","chr18:79497343-79497362",1,20,"CustomRegion",100,1,0,"chr18",79497342,79497362,"blood"
"cg27110054","chr8:102125037-102125056",1,20,"CustomRegion",100,1,0,"chr8",102125036,102125056,"blood"
"cg27122888","chr11:64612105-64612124",1,20,"CustomRegion",100,1,0,"chr11",64612104,64612124,"blood"
"cg27166718","chr6:118558937-118558956",1,20,"CustomRegion",100,1,0,"chr6",118558936,118558956,"blood"
"cg27309871","chr11:86513359-86513378",1,20,"CustomRegion",100,1,0,"chr11",86513358,86513378,"blood"
"cg27402043","chr17:43927350-43927369",1,20,"CustomRegion",100,1,0,"chr17",43927349,43927369,"blood"
"cg27423838","chr3:39347259-39347278",1,20,"CustomRegion",100,1,0,"chr3",39347258,39347278,"blood"
"cg27506442","chr13:30374570-30374589",1,20,"CustomRegion",100,1,0,"chr13",30374569,30374589,"blood"
"cg27507284","chr2:177252254-177252273",1,20,"CustomRegion",100,1,0,"chr2",177252253,177252273,"blood"
"cg27582527","chr1:15407780-15407799",1,20,"CustomRegion",100,1,0,"chr1",15407779,15407799,"blood"
"cg27653384","chr22:21938737-21938756",1,20,"CustomRegion",100,1,0,"chr22",21938736,21938756,"blood"
